id;api_uri_1;api_uri_2;api_uri_3;api_token
1;alarm architect;withdrawal Salad;Universal Benin infrastructure;digital payment copying
2;hacking Iraq haptic;Total;Interactions eyeballs;copy District composite
3;payment compressing Account;cyan enhance functionalities;deposit;Botswana Peso COM
4;Loop Executive firewall;Sleek Central;mobile;pixel
5;connecting bypass back-end;Tasty;Kentucky;See utilize Response
6;Steel panel Wooden;Algerian;hacking face Mountain;evolve
7;Games;Account;homogeneous;even-keeled Unbranded
8;Unbranded Sausages;Accounts;Hawaii Clothing deposit;granular
9;Sahara;Steel withdrawal Frozen;Fresh blockchains Sleek;ivory Reverse-engineered
10;Regional collaborative;connect;monetize Concrete Cambridgeshire;Central Investor
